﻿CREATE DATABASE QLGV_Java
go
USE QLGV_Java

CREATE TABLE ACCOUNT 
(
	MAACC VARCHAR(20),
	TENACC VARCHAR(40),
	PASS VARCHAR(10),
	CONSTRAINT PK_Account PRIMARY KEY (MAACC)
)

insert into ACCOUNT values('HT001','HT_HanLe','@1234*')
insert into ACCOUNT values('HP001','HP_MinhDuong','@1234*')

-- Tạo bảng KHOA
CREATE TABLE KHOA 
(
	MAKHOA VARCHAR(4),
	TENKHOA NVARCHAR(40),
	NGTLAP SMALLDATETIME,
	TRGKHOA CHAR(4)
	CONSTRAINT PK_KHOA PRIMARY KEY (MAKHOA)
)
GO

-- Tạo bảng MONHOC
CREATE TABLE MONHOC
(
	MAMH VARCHAR(10),
	TENMH NVARCHAR(40),
	TCLT TINYINT,
	TCTH TINYINT,
	MAKHOA VARCHAR(4),
	CONSTRAINT PK_MONHOC PRIMARY KEY (MAMH),
)
GO

-- Tạo bảng DIEUKIEN
CREATE TABLE DIEUKIEN
(
	MAMH VARCHAR(10),
	MAMH_TRUOC VARCHAR(10),
	CONSTRAINT PK_DIEUKIEN PRIMARY KEY (MAMH, MAMH_TRUOC)
)
GO

-- Tạo bảng GIAOVIEN
CREATE TABLE GIAOVIEN
(
	MAGV CHAR(4),
	HOTEN NVARCHAR(40),
	HOCVI NVARCHAR(10),
	HOCHAM VARCHAR(10),
	GIOITINH NVARCHAR(3),
	NGSINH SMALLDATETIME,
	NGVL SMALLDATETIME,
	HESO NUMERIC(4,2),
	MUCLUONG MONEY,
	MAKHOA VARCHAR(4)
	CONSTRAINT PK_GIAOVIEN PRIMARY KEY (MAGV)
)
GO

-- Tạo bảng HOCVIEN
CREATE TABLE HOCVIEN
(
	MAHV CHAR(5),
	HO NVARCHAR(40),
	TEN NVARCHAR(10),
	NGSINH SMALLDATETIME,
	GIOITINH NVARCHAR(3),
	NOISINH NVARCHAR(40),
	MALOP CHAR(3),
	CONSTRAINT PK_HOCVIEN PRIMARY KEY (MAHV)
)
GO

-- Tạo bảng LOP
CREATE TABLE LOP
(
	MALOP CHAR(3),
	TENLOP NVARCHAR(40),
	TRGLOP CHAR(5),
	SISO TINYINT,
	MAGVCN CHAR(4)
	CONSTRAINT PK_LOP PRIMARY KEY (MALOP)
)
GO

-- Tạo bảng GIANGDAY
CREATE TABLE GIANGDAY
(
	MALOP CHAR(3),
	MAMH NVARCHAR(10),
	MAGV CHAR(4),
	HOCKY TINYINT,
	NAM SMALLINT,
	TUNGAY SMALLDATETIME,
	DENNGAY SMALLDATETIME
	CONSTRAINT PK_GIANGDAY PRIMARY KEY (MALOP, MAMH)
)
GO

-- Tạo bảng KETQUATHI
CREATE TABLE KETQUATHI
(
	MAHV CHAR(5),
	MAMH VARCHAR(10),
	LANTHI TINYINT,
	NGTHI SMALLDATETIME,
	DIEM NUMERIC(4,2),
	KQUA VARCHAR(10)
	CONSTRAINT PK_KETQUATHI PRIMARY KEY (MAHV, MAMH, LANTHI)
)
GO

-- Nhập dữ liệu cho KHOA --
insert into KHOA values('KHMT',N'Khoa học máy tính','6/7/2005','GV01')
insert into KHOA values('HTTT',N'Hệ thống thông tin','6/7/2005','GV02')
insert into KHOA values('CNPM',N'Công nghệ phần mềm','6/7/2005','GV04')
insert into KHOA values('MTT',N'Mạng và truyền thông','10/20/2005','GV03')
insert into KHOA values('KTMT',N'Kỹ thuật máy tính','12/20/2005','')

-- Nhập dữ liệu cho GIAOVIEN --
insert into GIAOVIEN values('GV01',N'Hồ Thanh Sơn','PTS','GS',N'Nam','5/2/1950','1/11/2004',5.00,2250000,'KHMT')
insert into GIAOVIEN values('GV02',N'Trần Tâm Thanh','TS','PGS',N'Nam','12/17/1965','4/20/2004',4.50,2025000,'HTTT')
insert into GIAOVIEN values('GV03',N'Đỗ Nghiêm Phụng','TS','GS',N'Nữ','8/1/1950','9/23/2004',4.00,1800000,'CNPM')
insert into GIAOVIEN values('GV04',N'Trần Nam Sơn','TS','PGS',N'Nam','2/22/1961','1/12/2005',4.50,2025000,'KTMT')
insert into GIAOVIEN values('GV05',N'Mai Thanh Danh','ThS','GV',N'Nam','3/12/1958','1/12/2005',3.00,1350000,'HTTT')
insert into GIAOVIEN values('GV06',N'Trần Đoan Hùng','TS','GV',N'Nam','3/11/1953','1/12/2005',4.50,2025000,'KHMT')
insert into GIAOVIEN values('GV07',N'Nguyễn Minh Tiến','ThS','GV',N'Nam','11/23/1971','3/1/2005',4.00,1800000,'KHMT')
insert into GIAOVIEN values('GV08',N'Lê Thị Trân','KS','',N'Nữ','3/26/1974','3/1/2005',1.69,760500,'KHMT')
insert into GIAOVIEN values('GV09',N'Nguyễn Anh Lan','ThS','GV',N'Nữ','12/31/1966','3/1/2005',4.00,1800000,'HTTT')
insert into GIAOVIEN values('GV10',N'Lê Trần Anh Loan','KS','GV',N'Nữ','7/17/1972','3/1/2005',1.86,837000,'CNPM')
insert into GIAOVIEN values('GV11',N'Hầ Thanh Tùng','CN','GV',N'Nam','1/12/1980','5/15/2005',2.67,1201500,'MTT')
insert into GIAOVIEN values('GV12',N'Trần Vân Anh','CN','GV',N'Nữ','3/29/1981','5/15/2005',1.69,760500,'CNPM')
insert into GIAOVIEN values('GV13',N'Nguyễn Linh Đan','CN','GV',N'Nữ','5/23/1980','5/15/2005',1.69,760500,'KTMT')
insert into GIAOVIEN values('GV14',N'Trưong Minh Chu','ThS','GV',N'Nữ','11/30/1976','5/15/2005',3.00,1350000,'MTT')
insert into GIAOVIEN values('GV15',N'Lê Hà Thanh','ThS','GV',N'Nam','5/4/1978','5/15/2005',3.00,1350000,'KHMT')
 
-- Nhập dữ liệu cho MONHOC --
insert into MONHOC values('THDC',N'Tin học đại cương',4,1,'KHMT')
insert into MONHOC values('CTRR',N'Cấu trúc rời rạc',5,0,'KHMT')
insert into MONHOC values('CSDL',N'Cơ sở dữ liệu',3,1,'HTTT')
insert into MONHOC values('CTDLGT',N'Cấu trúc dữ liệu và giải thuật',3,1,'KHMT')
insert into MONHOC values('PTTKTT',N'Phân tích thiết kế thuật toán',3,0,'KHMT')
insert into MONHOC values('DHMT',N'Đồ họa máy tính',3,1,'KHMT')
insert into MONHOC values('KTMT',N'Kiến trúc máy tính',3,0,'KTMT')
insert into MONHOC values('TKCSDL',N'Thiết kế cơ sở dữ liệu',3,1,'HTTT')
insert into MONHOC values('PTTKHTTT',N'Phân tích thiết kế hệ thống thông tin',4,1,'HTTT')
insert into MONHOC values('HDH',N'Hệ điều hành',4,0,'KTMT')
insert into MONHOC values('NMCNPM',N'Nhập môn lập trình công nghệ phần mềm',3,0,'CNPM')
insert into MONHOC values('LTCFW',N'Lập trình C for win',3,1,'CNPM')
insert into MONHOC values('LTHDT',N'Lập trình hướng đối tượng',3,1,'CNPM')

-- Nhập dữ liệu cho LOP --
insert into LOP values('K11',N'Lớp 1 khóa 1','K1108',11,'GV07')
insert into LOP values('K12',N'Lớp 2 khóa 1','K1205',12,'GV09')
insert into LOP values('K13',N'Lớp 3 khóa 1','K1305',12,'GV14')

-- Nhập dữ liệu cho HOCVIEN --
insert into HOCVIEN values('K1101',N'Nguyễn Văn',N'An','1/27/1986',N'Nam',N'TpHCM','K11')
insert into HOCVIEN values('K1102',N'Trần Ngọc',N'Hân','3/1/1986',N'Nữ',N'Kiên Giang','K11')
insert into HOCVIEN values('K1103',N'Hà Duy',N'Lập','4/18/1986',N'Nam',N'Nghệ An','K11')
insert into HOCVIEN values('K1104',N'Trần Ngọc',N'Linh','3/30/1986',N'Nữ',N'Tây Ninh','K11')
insert into HOCVIEN values('K1105',N'Tràn Minh',N'Long','2/27/1986',N'Nam',N'TpHCM','K11')
insert into HOCVIEN values('K1106',N'Lê Nhật',N'Minh','1/24/1986',N'Nam',N'TpHCM','K11')
insert into HOCVIEN values('K1107',N'Nguyễn Như',N'Nhựt','1/27/1986',N'Nam',N'Hà Nội','K11')
insert into HOCVIEN values('K1108',N'Nguyễn Mạnh',N'Tam','2/27/1986',N'Nam',N'Kiên Giang','K11')
insert into HOCVIEN values('K1109',N'Phan Thị Thanh',N'Tâm','1/27/1986',N'Nữ',N'Kiên Giang','K11')
insert into HOCVIEN values('K1110',N'Lê Hoa',N'Thương','2/5/1986',N'Nữ',N'Kiên Giang','K11')
insert into HOCVIEN values('K1111',N'Lê Hà',N'Vinh','12/25/1986',N'Nam',N'Cần Thơ','K11')
insert into HOCVIEN values('K1201',N'Nguyễn Văn',N'Bình','2/11/1986',N'Nam',N'TpHCM','K12')
insert into HOCVIEN values('K1202',N'Nguyễn Thị Kim',N'Duyên','1/18/1986',N'Nữ',N'TpHCM','K12')
insert into HOCVIEN values('K1203',N'Trần Thị Kim',N'Duyên','9/17/1986',N'Nữ',N'TpHCM','K12')
insert into HOCVIEN values('K1204',N'Trương Mỹ',N'Hân','5/19/1986',N'Nữ',N'Cần Thơ','K12')
insert into HOCVIEN values('K1205',N'Nguyễn Thanh',N'Nam','4/17/1986',N'Nam',N'TpHCM','K12')
insert into HOCVIEN values('K1206',N'Nguyễn Thị Trúc',N'Thanh','3/4/1986',N'Nữ',N'Cần Thơ','K12')
insert into HOCVIEN values('K1207',N'Trần Thị Bích',N'Thùy','2/8/1986',N'Nữ',N'Cần Thơ','K12')
insert into HOCVIEN values('K1208',N'Huỳnh Thị Kim',N'Trinh','4/8/1986',N'Nữ',N'Cần Thơ','K12')
insert into HOCVIEN values('K1209',N'Phạm Thanh',N'Nam','2/23/1986',N'Nam',N'TpHCM','K12')
insert into HOCVIEN values('K1210',N'Ngô Thanh',N'Tuấn','2/14/1986',N'Nam',N'TpHCM','K12')
insert into HOCVIEN values('K1211',N'Đỗ Thị',N'Xuân','3/9/1986',N'Nữ',N'Hà Nội','K12')
insert into HOCVIEN values('K1212',N'Lê Phi',N'Yến','3/12/1986',N'Nữ',N'TpHCM','K12')
insert into HOCVIEN values('K1301',N'Nguyễn Thị Kim',N'Cúc','6/9/1986',N'Nữ',N'Hà Nội','K13')
insert into HOCVIEN values('K1302',N'Trương Thị Mỹ',N'Hiền','3/18/1986',N'Nữ',N'Hà Nội','K13')
insert into HOCVIEN values('K1303',N'Lê',N'Hiền','3/12/1986',N'Nam',N'Hà Nội','K13')
insert into HOCVIEN values('K1304',N'Lê Quang',N'Hiền','4/18/1986',N'Nam',N'TpHCM','K13')
insert into HOCVIEN values('K1305',N'Lê Thị',N'Hương','3/27/1986',N'Nữ',N'TpHCM','K13')
insert into HOCVIEN values('K1306',N'Nguyễn Thái',N'Giang','3/30/1986',N'Nam',N'Hà Nội','K13')
insert into HOCVIEN values('K1307',N'Trần Minh',N'Mẫn','5/28/1986',N'Nam',N'TpHCM','K13')
insert into HOCVIEN values('K1308',N'Nguyễn Hiếu',N'Nghĩa','4/8/1986',N'Nam',N'Hà Nội','K13')
insert into HOCVIEN values('K1309',N'Nguyễn Trung',N'Nghĩa','1/18/1987',N'Nam',N'Hà Nội','K13')
insert into HOCVIEN values('K1310',N'Trần Thị Hồng',N'Nhung','4/22/1986',N'Nữ',N'Tây Ninh','K13')
insert into HOCVIEN values('K1311',N'Trần Minh',N'Thức','4/4/1986',N'Nam',N'TpHCM','K13')
insert into HOCVIEN values('K1312',N'Nguyễn Thị Kim',N'Yến','9/7/1986',N'Nữ',N'TpHCM','K13')

-- Nhập dữ liệu cho GIANGDAY --
insert into GIANGDAY values('K11','THDC','GV07',1,2006,'1/2/2006','5/12/2006')
insert into GIANGDAY values('K12','THDC','GV06',1,2006,'1/2/2006','5/12/2006')
insert into GIANGDAY values('K13','THDC','GV15',1,2006,'1/2/2006','5/12/2006')
insert into GIANGDAY values('K11','CTRR','GV02',1,2006,'1/9/2006','5/17/2006')
insert into GIANGDAY values('K12','CTRR','GV02',1,2006,'1/9/2006','5/17/2006')
insert into GIANGDAY values('K13','CTRR','GV08',1,2006,'1/9/2006','5/17/2006')
insert into GIANGDAY values('K11','CSDL','GV05',2,2006,'6/1/2006','7/15/2006')
insert into GIANGDAY values('K12','CSDL','GV09',2,2006,'6/1/2006','7/15/2006')
insert into GIANGDAY values('K13','CTDLGT','GV15',2,2006,'6/1/2006','7/15/2006')
insert into GIANGDAY values('K13','CSDL','GV05',3,2006,'8/1/2006','12/15/2006')
insert into GIANGDAY values('K13','DHMT','GV07',3,2006,'8/1/2006','12/15/2006')
insert into GIANGDAY values('K11','CTDLGT','GV15',3,2006,'8/1/2006','12/15/2006')
insert into GIANGDAY values('K12','CTDLGT','GV15',3,2006,'8/1/2006','12/15/2006')
insert into GIANGDAY values('K11','HDH','GV04',1,2007,'1/2/2007','2/18/2007')
insert into GIANGDAY values('K12','HDH','GV04',1,2007,'1/2/2007','3/20/2007')
insert into GIANGDAY values('K11','DHMT','GV07',1,2007,'2/18/2007','3/20/2007')

-- NHẬP DỮ LIỆU CHO DIEUKIEN --
insert into DIEUKIEN values('CSDL','CTRR')
insert into DIEUKIEN values('CSDL','CTDLGT')
insert into DIEUKIEN values('CTDLGT','THDC')
insert into DIEUKIEN values('PTTKTT','THDC')
insert into DIEUKIEN values('PTTKTT','CTDLGT')
insert into DIEUKIEN values('DHMT','THDC')
insert into DIEUKIEN values('LTHDT','THDC')
insert into DIEUKIEN values('PTTKHTTT','CSDL')

-- Nhập dữ liệu cho KETQUATHI --
insert into KETQUATHI values('K1101','CSDL',1,'7/20/2006',10.00,'Dat')
insert into KETQUATHI values('K1101','CTDLGT',1,'12/28/2006',9.00,'Dat')
insert into KETQUATHI values('K1101','THDC',1,'5/20/2006',9.00,'Dat')
insert into KETQUATHI values('K1101','CTRR',1,'5/13/2006',9.50,'Dat')
insert into KETQUATHI values('K1102','CSDL',1,'7/20/2006',4.00,'Khong Dat')
insert into KETQUATHI values('K1102','CSDL',2,'7/27/2006',4.25,'Khong Dat')
insert into KETQUATHI values('K1102','CSDL',3,'8/10/2006',4.50,'Khong Dat')
insert into KETQUATHI values('K1102','CTDLGT',1,'12/28/2006',4.50,'Khong Dat')
insert into KETQUATHI values('K1102','CTDLGT',2,'1/5/2007',4.00,'Khong Dat')
insert into KETQUATHI values('K1102','CTDLGT',3,'1/15/2007',6.00,'Dat')
insert into KETQUATHI values('K1102','THDC',1,'5/20/2006',5.00,'Dat')
insert into KETQUATHI values('K1102','CTRR',1,'5/13/2006',7.00,'Dat')
insert into KETQUATHI values('K1103','CSDL',1,'7/20/2006',3.50,'Khong Dat')
insert into KETQUATHI values('K1103','CSDL',2,'7/27/2006',8.25,'Dat')
insert into KETQUATHI values('K1103','CTDLGT',1,'12/28/2006',7.00,'Dat')
insert into KETQUATHI values('K1103','THDC',1,'5/20/2006',8.00,'Dat')
insert into KETQUATHI values('K1103','CTRR',1,'5/13/2006',6.50,'Dat')
insert into KETQUATHI values('K1104','CSDL',1,'7/20/2006',3.75,'Khong Dat')
insert into KETQUATHI values('K1104','CTDLGT',1,'12/28/2006',4.00,'Khong Dat')
insert into KETQUATHI values('K1104','THDC',1,'5/20/2006',4.00,'Khong Dat')
insert into KETQUATHI values('K1104','CTRR',1,'5/13/2006',4.00,'Khong Dat')
insert into KETQUATHI values('K1104','CTRR',2,'5/20/2006',3.50,'Khong Dat')
insert into KETQUATHI values('K1104','CTRR',3,'6/30/2006',4.00,'Khong Dat')
insert into KETQUATHI values('K1201','CSDL',1,'7/20/2006',6.00,'Dat')
insert into KETQUATHI values('K1201','CTDLGT',1,'12/28/2006',5.00,'Dat')
insert into KETQUATHI values('K1201','THDC',1,'5/20/2006',8.50,'Dat')
insert into KETQUATHI values('K1201','CTRR',1,'5/13/2006',9.00,'Dat')
insert into KETQUATHI values('K1202','CSDL',1,'7/20/2006',8.00,'Dat')
insert into KETQUATHI values('K1202','CTDLGT',1,'12/28/2006',4.00,'Khong Dat')
insert into KETQUATHI values('K1202','CTDLGT',2,'1/5/2007',5.00,'Dat')
insert into KETQUATHI values('K1202','THDC',1,'5/20/2006',4.00,'Khong Dat')
insert into KETQUATHI values('K1202','THDC',2,'5/27/2006',4.00,'Khong Dat')
insert into KETQUATHI values('K1202','CTRR',1,'5/13/2006',3.00,'Khong Dat')
insert into KETQUATHI values('K1202','CTRR',2,'5/20/2006',4.00,'Khong Dat')
insert into KETQUATHI values('K1202','CTRR',3,'6/30/2006',6.25,'Dat')
insert into KETQUATHI values('K1203','CSDL',1,'7/20/2006',9.25,'Dat')
insert into KETQUATHI values('K1203','CTDLGT',1,'12/28/2006',9.50,'Dat')
insert into KETQUATHI values('K1203','THDC',1,'5/20/2006',10.00,'Dat')
insert into KETQUATHI values('K1203','CTRR',1,'5/13/2006',10.00,'Dat')
insert into KETQUATHI values('K1204','CSDL',1,'7/20/2006',8.50,'Dat')
insert into KETQUATHI values('K1204','CTDLGT',1,'12/28/2006',6.75,'Dat')
insert into KETQUATHI values('K1204','THDC',1,'5/20/2006',4.00,'Khong Dat')
insert into KETQUATHI values('K1204','CTRR',1,'5/13/2006',6.00,'Dat')
insert into KETQUATHI values('K1301','CSDL',1,'12/20/2006',4.25,'Khong Dat')
insert into KETQUATHI values('K1301','CTDLGT',1,'7/25/2006',8.00,'Dat')
insert into KETQUATHI values('K1301','THDC',1,'5/20/2006',7.75,'Dat')
insert into KETQUATHI values('K1301','CTRR',1,'5/13/2006',8.00,'Dat')
insert into KETQUATHI values('K1302','CSDL',1,'12/20/2006',6.75,'Dat')
insert into KETQUATHI values('K1302','CTDLGT',1,'7/25/2006',5.00,'Dat')
insert into KETQUATHI values('K1302','THDC',1,'5/20/2006',8.00,'Dat')
insert into KETQUATHI values('K1302','CTRR',1,'5/13/2006',8.50,'Dat')
insert into KETQUATHI values('K1303','CSDL',1,'12/20/2006',4.00,'Khong Dat')
insert into KETQUATHI values('K1303','CTDLGT',1,'7/25/2006',4.50,'Khong Dat')
insert into KETQUATHI values('K1303','CTDLGT',2,'8/7/2006',4.00,'Khong Dat')
insert into KETQUATHI values('K1303','CTDLGT',3,'8/15/2006',4.25,'Khong Dat')
insert into KETQUATHI values('K1303','THDC',1,'5/20/2006',4.50,'Khong Dat')
insert into KETQUATHI values('K1303','CTRR',1,'5/13/2006',3.25,'Khong Dat')
insert into KETQUATHI values('K1303','CTRR',2,'5/20/2006',5.00,'Dat')
insert into KETQUATHI values('K1304','CSDL',1,'12/20/2006',7.75,'Dat')
insert into KETQUATHI values('K1304','CTDLGT',1,'7/25/2006',9.75,'Dat')
insert into KETQUATHI values('K1304','THDC',1,'5/20/2006',5.50,'Dat')
insert into KETQUATHI values('K1304','CTRR',1,'5/13/2006',5.00,'Dat')
insert into KETQUATHI values('K1305','CSDL',1,'12/20/2006',9.25,'Dat')
insert into KETQUATHI values('K1305','CTDLGT',1,'7/25/2006',10.00,'Dat')
insert into KETQUATHI values('K1305','THDC',1,'5/20/2006',8.00,'Dat')
insert into KETQUATHI values('K1305','CTRR',1,'5/13/2006',10.00,'Dat')

-- Tạo khóa ngoại
ALTER TABLE LOP ADD CONSTRAINT FK_TRGLOP FOREIGN KEY (TRGLOP) REFERENCES HOCVIEN(MAHV)
ALTER TABLE LOP ADD	CONSTRAINT FK_MAGVCN FOREIGN KEY (MAGVCN) REFERENCES GIAOVIEN(MAGV)
ALTER TABLE HOCVIEN ADD CONSTRAINT FK_LOP FOREIGN KEY (MALOP) REFERENCES LOP(MALOP)
ALTER TABLE GIAOVIEN ADD CONSTRAINT FK_MAKHOA FOREIGN KEY (MAKHOA) REFERENCES KHOA(MAKHOA)
ALTER TABLE GIANGDAY ADD CONSTRAINT FK_MAMH FOREIGN KEY (MAMH) REFERENCES MONHOC(MAMH)
ALTER TABLE KHOA ADD CONSTRAINT FK_MAGV FOREIGN KEY (MAGV) REFERENCES GIAOVIEN(MAGV)
ALTER TABLE MONHOC ADD CONSTRAINT FK_MAKHOA_2 FOREIGN KEY (MAKHOA) REFERENCES KHOA(MAKHOA)
ALTER TABLE DIEUKIEN ADD CONSTRAINT FK_MAMH_TRUOC FOREIGN KEY (MAMH_TRUOC) REFERENCES MONHOC(MAMH)
ALTER TABLE DIEUKIEN ADD CONSTRAINT FK_MAMH_2 FOREIGN KEY (MAMH) REFERENCES MONHOC(MAMH)
ALTER TABLE KETQUATHI ADD CONSTRAINT FK_MAHV FOREIGN KEY (MAHV) REFERENCES HOCVIEN(MAHV)

-- Thêm vào 3 thuộc tính GHICHU, DIEMTB, XEPLOAI cho quan hệ HOCVIEN
ALTER TABLE HOCVIEN ADD GHICHU NVARCHAR(50), DIEMTB NUMERIC(4,2), XEPLOAI VARCHAR(10)

-- I.2 Mã học viên là một chuỗi 5 ký tự, 3 ký tự đầu là mã lớp, 2 ký tự cuối cùng là số thứ tự học viên trong lớp
CREATE TRIGGER trg_ins_upd_HOCVIEN
ON HOCVIEN
FOR INSERT, UPDATE 
AS
BEGIN
	DECLARE @SISO INT, @MAHV VARCHAR(5), @MALOP VARCHAR(3)

	SELECT @MAHV = MAHV, @MALOP = MALOP FROM INSERTED
	SELECT @SISO = SISO FROM LOP WHERE LOP.MALOP = @MALOP

	IF LEFT(@MAHV,3) <> @MALOP
	BEGIN
		PRINT('3 ki tu dau cua MAHV phai la MALOP')
		ROLLBACK TRANSACTION
	END
	
	ELSE IF CAST(RIGHT(@MAHV, 2) AS INT) NOT BETWEEN 1 AND @SISO
	BEGIN
		PRINT('2 ki tu cuoi cua MAHV phai la so thu tu hoc vien trong lop')
		ROLLBACK TRANSACTION
	END
END

-- I.3 Thuộc tính GIOITINH chỉ có giá trị là “Nam” hoặc “Nu”
ALTER TABLE HOCVIEN ADD CONSTRAINT CHECK_GTHV CHECK (GIOITINH IN (N'Nam', N'Nữ'))
ALTER TABLE GIAOVIEN ADD CONSTRAINT CHECK_GTGV CHECK (GIOITINH IN (N'Nam', N'Nữ'))

-- I.4 Điểm số của một lần thi có giá trị từ 0 đến 10 và cần lưu đến 2 số lẽ (VD: 6.22)
ALTER TABLE KETQUATHI ADD CONSTRAINT CHECK_DIEM CHECK 
(
	DIEM BETWEEN 0 AND 10
	AND RIGHT(CAST(DIEM AS VARCHAR), 3) LIKE '.__'
)

-- I.5 Kết quả thi là “Dat” nếu điểm từ 5 đến 10  và “Khong dat” nếu điểm nhỏ hơn 5
ALTER TABLE KETQUATHI ADD CONSTRAINT CHECK_KETQUA CHECK
(	
	(KQUA = 'Dat' AND DIEM BETWEEN 5 AND 10)
	OR (KQUA = 'Khong dat' AND DIEM < 5)
)

-- I.6 Học viên thi một môn tối đa 3 lần
ALTER TABLE KETQUATHI ADD CONSTRAINT CHECK_LANTHI CHECK (LANTHI <= 3)

-- I.7 Học kỳ chỉ có giá trị từ 1 đến 3
ALTER TABLE GIANGDAY ADD CONSTRAINT CHECK_HOCKY CHECK (HOCKY BETWEEN 1 AND 3)

-- I.8 Học vị của giáo viên chỉ có thể là “CN”, “KS”, “Ths”, ”TS”, ”PTS”
ALTER TABLE GIAOVIEN ADD CONSTRAINT CHECK_HOCVI CHECK (HOCVI IN ('CN', 'KS', 'Ths', 'TS', 'PTS'))

-- I.9 Lớp trưởng của một lớp phải là học viên của lớp đó
CREATE TRIGGER trg_ins_udt_LopTruong ON LOP
FOR INSERT, UPDATE
AS
BEGIN
	IF NOT EXISTS (SELECT * FROM INSERTED I, HOCVIEN HV
	WHERE I.TRGLOP = HV.MAHV AND I.MALOP = HV.MALOP)
	BEGIN
		PRINT 'Error: Lop truong cua mot lop phai la hoc vien cua lop do'
		ROLLBACK TRANSACTION
	END
END

CREATE TRIGGER trg_del_HOCVIEN ON HOCVIEN
FOR DELETE
AS
BEGIN
	IF EXISTS (SELECT * FROM DELETED D, INSERTED I, LOP L 
	WHERE D.MAHV = L.TRGLOP AND D.MALOP = L.MALOP)
	BEGIN
		PRINT 'Error: Hoc vien hien tai dang la truong lop'
		ROLLBACK TRANSACTION
	END
END

-- I.11 Học viên ít nhất là 18 tuổi
ALTER TABLE HOCVIEN ADD CONSTRAINT CHECK_TUOI CHECK (YEAR(GETDATE()) - YEAR(NGSINH) >= 18)

-- I.12 Giảng dạy một môn học ngày bắt đầu (TUNGAY) phải nhỏ hơn ngày kết thúc (DENNGAY)
ALTER TABLE GIANGDAY ADD CONSTRAINT CHECK_GIANGDAY CHECK (TUNGAY < DENNGAY)

-- I.13 Giáo viên khi vào làm ít nhất là 22 tuổi
ALTER TABLE GIAOVIEN ADD CONSTRAINT CHECK_TUOILAM CHECK (YEAR(NGVL) - YEAR(NGSINH) >= 22)

-- I.14 Tất cả các môn học đều có số tín chỉ lý thuyết và tín chỉ thực hành chênh lệch nhau không quá 3
ALTER TABLE MONHOC ADD CONSTRAINT CHECK_TINCHI CHECK (ABS(TCLT - TCTH) <= 3)

-- II.1 Tăng hệ số lương thêm 0.2 cho những giáo viên là trưởng khoa
UPDATE GIAOVIEN
SET HESO = 0.2 + HESO
WHERE MAGV IN (SELECT TRGKHOA FROM KHOA)

-- II.2 Cập nhật giá trị điểm trung bình tất cả các môn học (DIEMTB) của mỗi học viên (tất cả các môn học đều có hệ số 1 và nếu học viên thi một môn nhiều lần, chỉ lấy điểm của lần thi sau cùng)
UPDATE HocVien
SET DiemTB =
(
	SELECT AVG(Diem)
	FROM KetQuaThi
	WHERE LanThi = (SELECT MAX(LanThi) FROM KetQuaThi KQ WHERE MaHV = KetQuaThi.MaHV GROUP BY MaHV)
	GROUP BY MaHV
	HAVING MaHV = HocVien.MaHV
)

-- II.3 Cập nhật giá trị cho cột GHICHU là “Cam thi” đối với trường hợp: học viên có một môn bất kỳ thi lần thứ 3 dưới 5 điểm
UPDATE HOCVIEN
SET GHICHU = N'Cấm thi'
WHERE MAHV IN 
(
	SELECT MAHV
	FROM KETQUATHI
	WHERE LANTHI = 3 AND DIEM < 5
)

-- II.4 Cập nhật giá trị cho cột XEPLOAI trong quan hệ HOCVIEN như sau: 
-- Nếu DIEMTB >= 9 thì XEPLOAI = ”XS”
-- Nếu 8 <= DIEMTB < 9 thì XEPLOAI = “G”
-- Nếu 6.5 <= DIEMTB < 8 thì XEPLOAI = “K”
-- Nếu 5 <= DIEMTB < 6.5 thì XEPLOAI = “TB” 
-- Nếu DIEMTB < 5 thì XEPLOAI = ”Y” 

UPDATE HOCVIEN
SET XEPLOAI =
(
	CASE 
		WHEN DIEMTB >= 9 THEN 'XS'
		WHEN DIEMTB >= 8 AND DIEMTB < 9 THEN 'G'
		WHEN DIEMTB >= 6.5 AND DIEMTB < 8 THEN 'K'
		WHEN DIEMTB >= 5 AND DIEMTB < 6.5 THEN 'TB'
		WHEN DIEMTB < 5 THEN 'Y'
	END
)

-- III.1 In ra danh sách (mã học viên, họ tên, ngày sinh, mã lớp) lớp trưởng của các lớp
SELECT
	MaHV, (Ho+Ten) HoTen, NgSinh, HocVien.MaLop
FROM
	HocVien, Lop
WHERE
	HocVien.MaHV = Lop.TrgLop

-- III.2 In ra bảng điểm khi thi (mã học viên, họ tên , lần thi, điểm số) môn CTRR của lớp “K12”, sắp xếp theo tên, họ học viên
SELECT 
	HocVien.MaHV, (Ho+' '+Ten) HoTen, LanThi, Diem 
FROM 
	KetQuaThi, HocVien
WHERE
	KetQuaThi.MaHV = HocVien.MaHV
	AND MaMH = 'CTRR'
	AND MaLop = 'K12'
ORDER BY
	Ten, Ho

-- III.3 In ra danh sách những học viên (mã học viên, họ tên) và những môn học mà học viên đó thi lần thứ nhất đã đạt
SELECT
	HocVien.MaHV, (Ho+' '+Ten) HoTen, TenMH
FROM
	KetQuaThi, MonHoc, HocVien
WHERE
	KetQuaThi.MaMH = MonHoc.MaMH
	AND KetQuaThi.MaHV = HocVien.MaHV
	AND LanThi = 1 AND KQua = 'Dat'

-- III.4 In ra danh sách học viên (mã học viên, họ tên) của lớp “K11” thi môn CTRR không đạt (ở lần thi 1)
SELECT
	HocVien.MaHV, (Ho+' '+Ten) HoTen
FROM
	HocVien, KetQuaThi
WHERE
	HocVien.MaHV = KetQuaThi.MaHV
	AND MaLop = 'K11'
	AND MaMH = 'CTRR'
	AND KQua = 'Khong Dat'
	AND LanThi = 1

-- III.5  Danh sách học viên (mã học viên, họ tên) của lớp “K” thi môn CTRR không đạt (ở tất cả các lần thi)
SELECT DISTINCT
	HocVien.MaHV, (Ho+' '+Ten) HoTen
FROM
	HocVien, KetQuaThi
WHERE
	HocVien.MaHV = KetQuaThi.MaHV
	AND MaLop like 'K%'
	AND MaMH = 'CTRR'
	AND NOT EXISTS
		(SELECT * FROM KetQuaThi 
		WHERE 
			KQua = 'Dat' 
			AND MaMH = 'CTRR' 
			AND MaHV = HocVien.MaHV)

-- III.6 Tìm tên những môn học mà giáo viên có tên “Tran Tam Thanh” dạy trong học kỳ 1 năm 2006
SELECT DISTINCT TenMH
FROM
	MonHoc, GiaoVien, GiangDay
WHERE
	MonHoc.MaMH = GiangDay.MaMH
	AND GiaoVien.MaGV = GiangDay.MaGV
	AND HoTen = 'Tran Tam Thanh'
	AND HocKy = 1 AND Nam = 2006

-- III.7 Tìm những môn học (mã môn học, tên môn học) mà giáo viên chủ nhiệm lớp “K11” dạy trong học kỳ 1 năm 2006
SELECT DISTINCT
	MonHoc.MaMH, TenMH
FROM
	MonHoc, Lop, GiangDay
WHERE
	GiangDay.MaMH = MonHoc.MaMH
	AND GiangDay.MaGV = Lop.MaGVCN
	AND Lop.MaLop = 'K11'
	AND HocKy = 1 AND Nam = 2006

-- III.8 Tìm họ tên lớp trưởng của các lớp mà giáo viên có tên “Nguyen To Lan” dạy môn “Co So Du Lieu”
SELECT DISTINCT 
	(HO+' '+TEN) HOTEN
FROM
	HocVien, Lop, GiaoVien, GiangDay, MonHoc
WHERE
	Lop.TrgLop = HocVien.MaHV
	AND GiangDay.MaLop = Lop.MaLop
	AND GiangDay.MaGV = GiaoVien.MaGV
	AND GiangDay.MaMH = MonHoc.MaMH
	AND HoTen = 'Nguyen To Lan'
	AND TenMH = 'Co So Du Lieu'

-- III.9 In ra danh sách những môn học (mã môn học, tên môn học) phải học liền trước môn “Co So Du Lieu”
SELECT
	MonHocTruoc.MaMH, MonHocTruoc.TenMH
FROM
	MonHoc, MonHoc AS MonHocTruoc, DieuKien
WHERE
	MonHoc.MaMH = DieuKien.MaMH
	AND MonHocTruoc.MaMH = DieuKien.MaMH_Truoc
	AND MonHoc.TenMH = 'Co So Du Lieu'

-- III.10 Môn “Cau Truc Roi Rac” là môn bắt buộc phải học liền trước những môn học (mã môn học, tên môn học) nào
SELECT 
	MonHoc.MaMH, MonHoc.TenMH
FROM
	MonHoc, MonHoc AS MonHocTruoc, DieuKien
WHERE
	MonHoc.MaMH = DieuKien.MaMH
	AND MonHocTruoc.MaMH = DieuKien.MaMH_Truoc
	AND MonHocTruoc.TenMH = 'Cau Truc Roi Rac'

-- III.11 Tìm họ tên giáo viên dạy môn CTRR cho cả hai lớp “K11” và “K12” trong cùng học kỳ 1 năm 2006
SELECT HoTen
FROM
	GiaoVien, GiangDay
WHERE
	GiaoVien.MaGV = GiangDay.MaGV
	AND MaLop = 'K11'
	AND HocKy = 1 AND Nam = 2006
INTERSECT 
	(SELECT HoTen
	FROM
		GiaoVien, GiangDay
	WHERE
		GiaoVien.MaGV = GiangDay.MaGV
		AND MaLop = 'K12' AND HocKy = 1 AND Nam = 2006)

-- III.12 Tìm những học viên (mã học viên, họ tên) thi không đạt môn CSDL ở lần thi thứ 1 nhưng chưa thi lại môn này
SELECT
	HocVien.MaHV, (Ho+' '+Ten) HoTen
FROM
	HocVien, KetQuaThi
WHERE
	HocVien.MaHV = KetQuaThi.MaHV
	AND MaMH = 'CSDL' AND LanThi = 1 AND KQua = 'Khong Dat'
	AND NOT EXISTS (SELECT * FROM KetQuaThi WHERE LanThi > 1 AND KetQuaThi.MaHV = HocVien.MaHV)

-- III.13 Tìm giáo viên (mã giáo viên, họ tên) không được phân công giảng dạy bất kỳ môn học nào
SELECT MaGV, HoTen
FROM GiaoVien
WHERE MaGV NOT IN (SELECT MaGV FROM GiangDay)

-- III.14 Tìm giáo viên (mã giáo viên, họ tên) không được phân công giảng dạy bất kỳ môn học nào thuộc khoa giáo viên đó phụ trách
SELECT MaGV, HoTen
FROM GiaoVien
WHERE NOT EXISTS
(
	SELECT *
	FROM MonHoc
	WHERE MonHoc.MaKhoa = GiaoVien.MaKhoa
	AND NOT EXISTS
	(
		SELECT *
		FROM GiangDay
		WHERE GiangDay.MaMH = MonHoc.MaMH
		AND GiangDay.MaGV = GiaoVien.MaGV
	)
)

-- III.15 Tìm họ tên các học viên thuộc lớp “K11” thi một môn bất kỳ quá 3 lần vẫn “Khong dat” hoặc thi lần thứ 2 môn CTRR được 5 điểm
SELECT DISTINCT
	(Ho+' '+Ten) HoTen
FROM
	HocVien, KetQuaThi
WHERE
	HocVien.MaHV = KetQuaThi.MaHV
	AND MaLop = 'K11'
	AND ((LanThi = 2 AND Diem = 5)
	OR HocVien.MaHV IN
	(
		SELECT DISTINCT MaHV
		FROM KetQuaThi
		WHERE KQua = 'Khong Dat'
		GROUP BY MaHV, MaMH
		HAVING COUNT(*) > 3	
	))

-- III.16 Tìm họ tên giáo viên dạy môn CTRR cho ít nhất hai lớp trong cùng một học kỳ của một năm học
SELECT HoTen
FROM
	GiaoVien, GiangDay
WHERE
	GiaoVien.MaGV = GiangDay.MaGV
	AND MaMH = 'CTRR'
GROUP BY 
	GiaoVien.MaGV, HoTen, HocKy
HAVING 
	COUNT(*) >= 2

-- III.17 Danh sách học viên và điểm thi môn CSDL (chỉ lấy điểm của lần thi sau cùng)
SELECT
	HocVien.*, Diem AS 'Điểm thi CSDL sau cùng'
FROM
	HocVien, KetQuaThi
WHERE
	HocVien.MaHV = KetQuaThi.MaHV
	AND MaMH = 'CSDL'
	AND LanThi = 
	(
		SELECT MAX(LanThi) 
		FROM KetQuaThi 
		WHERE MaMH = 'CSDL' AND KetQuaThi.MaHV = HocVien.MaHV 
		GROUP BY MaHV
	)

-- III.18 Danh sách học viên và điểm thi môn “Co So Du Lieu” (chỉ lấy điểm cao nhất của các lần thi)
SELECT
	HocVien.*, Diem AS 'Điểm thi CSDL cao nhất'
FROM
	HocVien, KetQuaThi, MonHoc
WHERE
	HocVien.MaHV = KetQuaThi.MaHV
	AND KetQuaThi.MaMH = MonHoc.MaMH
	AND TenMH = 'Co So Du Lieu'
	AND Diem = 
	(
		SELECT MAX(Diem) 
		FROM KetQuaThi, MonHoc
		WHERE
			KetQuaThi.MaMH = MonHoc.MaMH
			AND MaHV = HocVien.MaHV
			AND TenMH = 'Co So Du Lieu'
		GROUP BY MaHV
	)

-- III.19 Khoa nào (mã khoa, tên khoa) được thành lập sớm nhất
SELECT MaKhoa, TenKhoa
FROM Khoa
WHERE NgTLap = (SELECT MIN(NgTLap) FROM Khoa)

-- III.20 Có bao nhiêu giáo viên có học hàm là “GS” hoặc “PGS”
SELECT COUNT(*) 'Số giáo viên có học hàm GS hoặc PGS'
FROM GiaoVien
WHERE HocHam IN ('GS', 'PGS')

-- III.21 Thống kê có bao nhiêu giáo viên có học vị là “CN”, “KS”, “Ths”, “TS”, “PTS” trong mỗi khoa. 
SELECT MaKhoa, HocVi, COUNT(*) 'Số giáo viên'
FROM GiaoVien
GROUP BY MaKhoa, HocVi
ORDER BY MaKhoa

-- III.22 Mỗi môn học thống kê số lượng học viên theo kết quả (đạt và không đạt). 
SELECT MaMH, KQua, COUNT(*) 'Số học viên'
FROM KetQuaThi
GROUP BY MaMH, KQua
ORDER BY MAMH

-- III.23 Tìm giáo viên (mã giáo viên, họ tên) là giáo viên chủ nhiệm của một lớp, đồng thời dạy cho lớp đó ít nhất một môn học. 
SELECT DISTINCT
	GiaoVien.MaGV, HoTen
FROM
	GiaoVien, Lop, GiangDay
WHERE
	GiangDay.MaLop = Lop.MaLop
	AND GiangDay.MaGV = GiaoVien.MaGV
	AND GiaoVien.MaGV = Lop.MaGVCN

-- III.24 Tìm họ tên lớp trưởng của lớp có sỉ số cao nhất
SELECT 
	Ho+' '+Ten AS 'Họ tên lớp trưởng của lớp có sỉ số cao nhất'
FROM
	HocVien, Lop
WHERE
	HocVien.MaHV = Lop.TrgLop
	AND Lop.SiSo = (SELECT MAX(SiSo) FROM Lop)

-- III.25 Tìm họ tên những LOPTRG thi không đạt quá 3 môn (mỗi môn đều thi không đạt ở tất cả các lần thi)
SELECT Ho + ' ' + Ten 'Họ tên trưởng lớp thi không đạt quá 3 môn'
FROM
	HocVien, Lop, KetQuaThi
WHERE
	HocVien.MAHV = Lop.TrgLop
	AND HocVien.MaHV = KetQuaThi.MaHV
	AND KQua = 'Khong Dat'
GROUP BY 
	TrgLop, Ho, Ten
HAVING 
	COUNT(*) > 3

-- III.26 Tìm học viên (mã học viên, họ tên) có số môn đạt điểm 9,10 nhiều nhất. 
-- Cách 1:
SELECT TOP 1 WITH TIES 
	HocVien.MaHV, (Ho+' '+Ten) AS HoTen
FROM 
	HocVien, KetQuaThi
WHERE
	HocVien.MaHV = KetQuaThi.MaHV
	AND Diem >= 9
GROUP BY 
	HocVien.MaHV, Ho, Ten
ORDER BY 
	COUNT(*) DESC

-- Cách 2:
SELECT
	HocVien.MaHV, Ho+' '+Ten AS HoTen
FROM
	HocVien, KetQuaThi
WHERE
	HocVien.MaHV = KetQuaThi.MaHV
	AND Diem >= 9
GROUP BY
	HocVien.MaHV, Ho, Ten
HAVING
	COUNT(*) >= ALL(SELECT COUNT(*) FROM KetQuaThi WHERE Diem >= 9 GROUP BY MaHV) 

-- III.27 Trong từng lớp, tìm học viên (mã học viên, họ tên) có số môn đạt điểm 9,10 nhiều nhất.
SELECT
	MaLop, MaHV, HoTen
FROM
(
	SELECT
		MaLop, HocVien.MaHV, (Ho+' '+Ten) HoTen, COUNT(*) SoLuongDiem, RANK() OVER (PARTITION BY MaLop ORDER BY COUNT(*) DESC) AS XepHang
	FROM
		HocVien, KetQuaThi
	WHERE
		HocVien.MaHV = KetQuaThi.MaHV
		AND Diem >= 9
	GROUP BY
		MaLop, HocVien.MaHV, Ho, Ten
) AS A
WHERE
	A.XepHang = 1

-- III.28 Trong từng học kỳ của từng năm, mỗi giáo viên phân công dạy bao nhiêu môn học, bao nhiêu lớp.
SELECT MaGV, COUNT(DISTINCT MaMH) 'Số môn học', COUNT(DISTINCT MALOP) 'Số lớp'
FROM GiangDay
GROUP BY MaGV

-- III.29 Trong từng học kỳ của từng năm, tìm giáo viên (mã giáo viên, họ tên) giảng dạy nhiều nhất. 
SELECT HocKy, Nam, A.MaGV, HoTen
FROM GiaoVien,
(
	SELECT 
		HocKy, Nam, MaGV, RANK() OVER (PARTITION BY HocKy, Nam ORDER BY COUNT(*) DESC) AS XepHang
	FROM GiangDay
	GROUP BY HocKy, Nam, MaGV
) AS A
WHERE
	A.MAGV = GiaoVien.MAGV
	AND XepHang = 1
ORDER BY
	Nam, HocKy

-- III.30 Tìm môn học (mã môn học, tên môn học) có nhiều học viên thi không đạt (ở lần thi thứ 1) nhất.
-- Cách 1:
SELECT TOP 1 WITH TIES
	MonHoc.MaMH, TenMH
FROM
	MonHoc, KetQuaThi
WHERE
	MonHoc.MaMH = KetQuaThi.MaMH
	AND LanThi = 1
	AND KQua = 'Khong Dat'
GROUP BY
	MonHoc.MaMH, TenMH
ORDER BY
	COUNT(*) DESC

-- Cách 2:
SELECT
	MonHoc.MaMH, TenMH
FROM
	MonHoc, KetQuaThi
WHERE
	MonHoc.MaMH = KetQuaThi.MaMH
	AND LanThi = 1
	AND KQua = 'Khong Dat'
GROUP BY 
	MonHoc.MaMH, TenMH
HAVING
	COUNT(*) >= ALL (SELECT COUNT(*) FROM KetQuaThi WHERE LanThi = 1 AND KQua = 'Khong Dat' GROUP BY MAMH)

-- III.31 Tìm học viên (mã học viên, họ tên) thi môn nào cũng đạt (chỉ xét lần thi thứ 1)
SELECT DISTINCT
	HocVien.MaHV, (Ho+' '+Ten) HoTen
FROM
	HocVien, KetQuaThi
WHERE
	HocVien.MaHV = KetQuaThi.MaHV
	AND NOT EXISTS
	(
		SELECT *
		FROM KetQuaThi
		WHERE LanThi = 1
		AND KQua = 'Khong Dat'
		AND MaHV = HocVien.MaHV
	)

-- III.32 Tìm học viên (mã học viên, họ tên) thi môn nào cũng đạt (chỉ xét lần thi sau cùng).
SELECT DISTINCT
	HocVien.MaHV, (Ho+' '+Ten) HoTen
FROM
	HocVien, KetQuaThi
WHERE
	HocVien.MaHV = KetQuaThi.MaHV
	AND NOT EXISTS
	(
		SELECT *
		FROM KetQuaThi
		WHERE LanThi = (SELECT MAX(LanThi) FROM KetQuaThi WHERE MaHV = HocVien.MaHV GROUP BY MaHV)
		AND KQua = 'Khong Dat'
		AND MaHV = HocVien.MaHV
	)

-- III.33 Tìm học viên (mã học viên, họ tên) đã thi tất cả các môn đều đạt (chỉ xét lần thi thứ 1)
SELECT MaHV, (Ho+' '+Ten) HoTen
FROM HocVien
WHERE NOT EXISTS
(
	SELECT *
	FROM MonHoc
	WHERE NOT EXISTS
	(
		SELECT *
		FROM KetQuaThi
		WHERE
			KetQuaThi.MaMH = MonHoc.MaMH
			AND KetQuaThi.MaHV = HocVien.MaHV
			AND LanThi = 1 AND KQua = 'Dat'
	)
)

-- III.35 Tìm học viên (mã học viên, họ tên) có điểm thi cao nhất trong từng môn (lấy điểm ở lần thi sau cùng). 
SELECT MaMH, MaHV, HoTen
FROM
(
	SELECT
		MaMH, HocVien.MaHV, (Ho+' '+Ten) HoTen, RANK() OVER (PARTITION BY MaMH ORDER BY MAX(Diem) DESC) AS XepHang
	FROM
		HocVien, KetQuaThi
	WHERE
		HocVien.MaHV = KetQuaThi.MaHV
		AND LanThi = (SELECT MAX(LanThi) FROM KetQuaThi WHERE MaHV = HocVien.MaHV GROUP BY MaHV)
	GROUP BY
		MaMH, HocVien.MaHV, Ho, Ten
) AS A
WHERE XepHang = 1

SELECT * FROM KHOA
SELECT * FROM LOP
SELECT * FROM MONHOC
SELECT * FROM GIAOVIEN
SELECT * FROM HOCVIEN